factors,mean_envy,prop_eps_envy,dataset
64,0.028707521,0.2275,movielens
256,0.028084302,0.224,movielens
4,0.032819975,0.029,movielens
8,0.05040622,0.4025,movielens
128,0.026702417,0.2095,movielens
32,0.0349701,0.2795,movielens
2,0.092469454,0.8885,movielens
1,0.006406859,0.0,movielens
16,0.026375523,0.1485,movielens
64,0.0028872131,0.0010570824524312897,lastfm
256,0.0069739167,0.013213530655391121,lastfm
4,0.01174705,0.0005285412262156448,lastfm
8,0.010327755,0.0,lastfm
128,0.0045318566,0.0047568710359408035,lastfm
32,0.003624799,0.0015856236786469344,lastfm
2,0.009851541,0.0,lastfm
1,0.011469889,0.0,lastfm
16,0.0065964595,0.0015856236786469344,lastfm
