factors,mean_envy,prop_eps_envy,dataset
64,0.03462373,0.283,movielens
256,0.028446408,0.2065,movielens
4,0.06660176,0.7895,movielens
8,0.04285465,0.396,movielens
128,0.028215634,0.209,movielens
32,0.08137045,0.742,movielens
2,0.100502275,0.9435,movielens
1,0.005296649,0.0,movielens
16,0.04141061,0.358,movielens
64,0.0028872131,0.0010570824524312897,lastfm
256,0.0069739167,0.013213530655391121,lastfm
4,0.01174705,0.0005285412262156448,lastfm
8,0.010327755,0.0,lastfm
128,0.0045318566,0.0047568710359408035,lastfm
32,0.003624799,0.0015856236786469344,lastfm
2,0.009851541,0.0,lastfm
1,0.011469889,0.0,lastfm
16,0.0065964595,0.0015856236786469344,lastfm
